rgi_id,t_star,mu_star,prcp_fac,bias
RGI60-11.00814,1984,422.8458170918418,2.5,7.9789835607250525
