rgi_id,t_star,mu_star,prcp_fac,bias
RGI60-11.00959,1962,361.7214477384439,2.5000000000000004,6.1162232928383515
