rgi_id,t_star,mu_star,prcp_fac,bias
RGI60-11.00935,1939,304.9074166573945,2.5,0.6615426877134459
