rgi_id,t_star,mu_star,prcp_fac,bias
RGI60-11.00947,1962,311.7510552168851,2.5000000000000004,7.057739215763711
