rgi_id,t_star,mu_star,prcp_fac,bias
RGI60-11.00919,1964,250.71850978360985,2.4999999999999996,7.006280468198672
