rgi_id,t_star,mu_star,prcp_fac,bias
RGI60-11.00675,1956,323.77310086247485,2.4999999999999996,12.0979242210748
