rgi_id,t_star,mu_star,prcp_fac,bias
RGI60-11.00844,1960,225.09000894912415,2.5,11.882362099996124
