rgi_id,t_star,mu_star,prcp_fac,bias
RGI60-11.00726,1952,383.520344686749,2.5,5.085457363504897
