rgi_id,t_star,mu_star,prcp_fac,bias
RGI60-11.00762,1950,268.80971449683875,2.5000000000000004,6.874475976620522
