rgi_id,t_star,mu_star,prcp_fac,bias
RGI60-11.00674,1956,272.8480132882093,2.5,12.435065894392027
