rgi_id,t_star,mu_star,prcp_fac,bias
RGI60-11.00747,1950,361.86599870623104,2.5,5.589011853053846
