rgi_id,t_star,mu_star,prcp_fac,bias
RGI60-11.00904,1964,221.04004873847842,2.4999999999999996,8.356789266020192
