rgi_id,t_star,mu_star,prcp_fac,bias
RGI60-11.00690,1954,247.5950663035484,2.4999999999999996,15.05807381396435
