rgi_id,t_star,mu_star,prcp_fac,bias
RGI60-11.00839,1948,353.38995069034024,2.5,6.376300143000464
