rgi_id,t_star,mu_star,prcp_fac,bias
RGI60-11.00802,1948,1169.979383987706,2.5,6.461654696356199
