rgi_id,t_star,mu_star,prcp_fac,bias
RGI60-11.01040,1954,1454.2740481331102,2.5,6.9628733157132965
