rgi_id,t_star,mu_star,prcp_fac,bias
RGI60-11.00718,1954,284.7911563594214,2.5000000000000004,17.55441470105689
