rgi_id,t_star,mu_star,prcp_fac,bias
RGI60-11.00984,1952,249.88301332746263,2.5,6.3883414071403966
