rgi_id,t_star,mu_star,prcp_fac,bias
RGI60-11.00724,1954,305.7310499942278,2.5000000000000004,15.901477813358387
