rgi_id,t_star,mu_star,prcp_fac,bias
RGI60-11.00729,1954,560.2741754100207,2.4999999999999996,18.80062015507907
