rgi_id,t_star,mu_star,prcp_fac,bias
RGI60-11.00831,1973,243.6740542634842,2.5,11.28576866617704
