rgi_id,t_star,mu_star,prcp_fac,bias
RGI60-11.00702,1954,247.36423529920035,2.5000000000000004,15.105949337440473
