rgi_id,t_star,mu_star,prcp_fac,bias
RGI60-11.00945,1939,212.20639709128565,2.4999999999999996,1.1980115991185463
