rgi_id,t_star,mu_star,prcp_fac,bias
RGI60-11.00962,1950,226.7880939323253,2.5,5.922090175201913
