rgi_id,t_star,mu_star,prcp_fac,bias
RGI60-11.00958,1953,223.13170088494135,2.5,6.552946329311269
