rgi_id,t_star,mu_star,prcp_fac,bias
RGI60-11.00888,1961,330.55832908619465,2.5,10.362687606028143
