rgi_id,t_star,mu_star,prcp_fac,bias
RGI60-11.00895,1963,247.13297017374245,2.4999999999999996,9.56958913902407
