rgi_id,t_star,mu_star,prcp_fac,bias
RGI60-11.00957,1964,188.15472253043475,2.5,-0.21380556570328788
