rgi_id,t_star,mu_star,prcp_fac,bias
RGI60-11.00779,1976,378.608117641515,2.4999999999999996,11.895797166298502
