rgi_id,t_star,mu_star,prcp_fac,bias
RGI60-11.00886,1943,210.98239084838784,2.4999999999999996,3.130255703137601
