rgi_id,t_star,mu_star,prcp_fac,bias
RGI60-11.00787,1987,342.2145267858489,2.5,7.0364215369449985
