rgi_id,t_star,mu_star,prcp_fac,bias
RGI60-11.00902,1949,392.70117336964597,2.5,6.098839306238064
