rgi_id,t_star,mu_star,prcp_fac,bias
RGI60-11.00943,1964,253.63023352820593,2.5,4.501083081804319
