rgi_id,t_star,mu_star,prcp_fac,bias
RGI60-11.00927,1966,258.0137045821529,2.5,-2.6834007928440915
