rgi_id,t_star,mu_star,prcp_fac,bias
RGI60-11.00745,1951,270.8734511929559,2.5000000000000004,7.244158051767096
