rgi_id,t_star,mu_star,prcp_fac,bias
RGI60-11.00719,1944,318.77958228433425,2.5,31.547939817254644
