rgi_id,t_star,mu_star,prcp_fac,bias
RGI60-11.00937,1965,265.20908775465495,2.4999999999999996,-5.372493236773281
