rgi_id,t_star,mu_star,prcp_fac,bias
RGI60-11.00897,1963,225.66656080940393,2.5,-10.656047382188717
