rgi_id,t_star,mu_star,prcp_fac,bias
RGI60-11.00944,1938,245.29957541907064,2.4999999999999996,0.41803673483400666
