rgi_id,t_star,mu_star,prcp_fac,bias
RGI60-11.00757,1950,369.3840600423586,2.5000000000000004,6.742378350670038
