rgi_id,t_star,mu_star,prcp_fac,bias
RGI60-11.00885,1969,398.39776750077937,2.4999999999999996,-1.9163860786560192
