rgi_id,t_star,mu_star,prcp_fac,bias
RGI60-11.00898,1950,251.5320675121807,2.5000000000000004,6.781462720711599
