rgi_id,t_star,mu_star,prcp_fac,bias
RGI60-11.00753,1951,582.6170503029249,2.5,24.920121642935058
