rgi_id,t_star,mu_star,prcp_fac,bias
RGI60-11.00782,1948,260.95497956349374,2.5,6.195578320907921
