rgi_id,t_star,mu_star,prcp_fac,bias
RGI60-11.00834,1946,280.3547712673522,2.5000000000000004,4.84826375692532
