rgi_id,t_star,mu_star,prcp_fac,bias
RGI60-11.00731,1951,528.4096666339193,2.499999999999999,24.734281838781573
