rgi_id,t_star,mu_star,prcp_fac,bias
RGI60-11.00737,1952,634.5990235180595,2.5,23.63951213870257
