rgi_id,t_star,mu_star,prcp_fac,bias
RGI60-11.00980,1961,250.24027321545518,2.5000000000000004,6.228284183007158
