rgi_id,t_star,mu_star,prcp_fac,bias
RGI60-11.00720,1953,606.2585826620026,2.5,20.337976748356116
