rgi_id,t_star,mu_star,prcp_fac,bias
RGI60-11.00873,1946,171.49583088353234,2.5,4.805731188674106
