rgi_id,t_star,mu_star,prcp_fac,bias
RGI60-11.00739,1951,276.237557131204,2.5000000000000004,6.444096102275416
