rgi_id,t_star,mu_star,prcp_fac,bias
RGI60-11.00860,1980,415.4647386174595,2.5,6.002179230150824
