rgi_id,t_star,mu_star,prcp_fac,bias
RGI60-11.00862,1945,219.87799852404774,2.5,4.088440148567011
