rgi_id,t_star,mu_star,prcp_fac,bias
RGI60-11.00822,1980,272.45360705835697,2.4999999999999996,8.985091277882232
